,MSE,RMSE,R2_Score,Train_Time
0,0.02115161446746314,0.14543594627004405,-4.097681487067336,0.0
1,0.01875612580613012,0.1369530058309423,-3.5203525923798162,27.164862871170044
2,0.042786464728013195,0.20684889346576935,-27.52083042271299,33.71424889564514
3,0.02025309073571647,0.14231335403157522,-0.011951007725980123,40.372437953948975
4,0.19241584153419933,0.4386523014121769,-20.899974952749673,46.4679811000824
