,MSE,RMSE,R2_Score,Train_Time
0,0.0002465875818416674,0.01570310739445118,0.5536338744387719,0.0
1,0.0002689627725642012,0.016400084529178537,0.9345341090040686,36.871325969696045
2,0.00015115222236929043,0.01229439800760047,0.9009612073126181,42.51868510246277
3,0.0009436193965369986,0.03071838857324711,0.9531328415722901,51.30110430717468
4,0.0008142687653206608,0.028535394956451205,0.9071298848751475,59.649285078048706
