,MSE,RMSE,R2_Score,Train_Time
0,0.0004182802567929524,0.020451901055719795,0.34299131564213015,0.0
1,0.00038493706883595936,0.019619813170261315,0.9072275748733243,33.2477970123291
2,0.00014427770724295553,0.012011565561697423,0.9038265945033771,40.27388286590576
3,0.0005969554658198935,0.024432672097416883,0.9320569988150426,55.99828362464905
